{"cameraMode":{"drawMode":0,"name":"Shaded","section":"Shading Mode"},"sceneLighting":false,"audioPlay":false,"sceneViewState":{"showFog":true,"showMaterialUpdate":true,"showSkybox":true,"showFlares":true,"showImageEffects":true,"showParticleSystems":true},"in2DMode":false,"pivot":{"x":-309.3201599121094,"y":558.4796142578125,"z":234.95013427734376},"rotation":{"x":0.21488502621650697,"y":0.7145244479179382,"z":-0.24859140813350678,"w":0.6176419258117676},"size":0.8031737208366394,"orthographic":false}