{"cameraMode":{"drawMode":0,"name":"Shaded","section":"Shading Mode"},"sceneLighting":false,"audioPlay":false,"sceneViewState":{"showFog":true,"showMaterialUpdate":true,"showSkybox":false,"showFlares":true,"showImageEffects":true,"showParticleSystems":true},"in2DMode":false,"pivot":{"x":0.5,"y":2.9802322387695315e-8,"z":0.4999999701976776},"rotation":{"x":-0.08822246640920639,"y":0.8604168891906738,"z":-0.15951348841190339,"w":-0.4758729934692383},"size":1.750089406967163,"orthographic":false}