{"cameraMode":{"drawMode":0,"name":"Shaded","section":"Shading Mode"},"sceneLighting":false,"audioPlay":false,"sceneViewState":{"showFog":true,"showMaterialUpdate":true,"showSkybox":false,"showFlares":true,"showImageEffects":true,"showParticleSystems":true},"in2DMode":false,"pivot":{"x":0.610232949256897,"y":-1.368621269648429e-7,"z":-0.9724761843681336},"rotation":{"x":-0.08822247385978699,"y":0.8604168891906738,"z":-0.15951348841190339,"w":-0.47587302327156069},"size":2.3715765476226808,"orthographic":false}