{"cameraMode":{"drawMode":0,"name":"Shaded","section":"Shading Mode"},"sceneLighting":false,"audioPlay":false,"sceneViewState":{"showFog":true,"showMaterialUpdate":true,"showSkybox":true,"showFlares":true,"showImageEffects":true,"showParticleSystems":true},"in2DMode":false,"pivot":{"x":-160.7733917236328,"y":36.92732620239258,"z":123.13216400146485},"rotation":{"x":-0.0014895114582031966,"y":0.9974974393844605,"z":-0.06713312864303589,"w":-0.022132225334644319},"size":77.31287384033203,"orthographic":false}