{"cameraMode":{"drawMode":0,"name":"Shaded","section":"Shading Mode"},"sceneLighting":false,"audioPlay":false,"sceneViewState":{"showFog":true,"showMaterialUpdate":true,"showSkybox":true,"showFlares":true,"showImageEffects":true,"showParticleSystems":true},"in2DMode":false,"pivot":{"x":-83.03472137451172,"y":30.309375762939454,"z":212.42112731933595},"rotation":{"x":0.0844612866640091,"y":0.6406393051147461,"z":-0.07121016085147858,"w":0.7598530650138855},"size":77.31287384033203,"orthographic":false}